{"ethereum.org":1760899919.543401,"geth.ethereum.org":1760855680.298466,"viem.sh":1760855680.2994392,"docs.soliditylang.org":1760855680.300378}